Iteration,TX_Time,RX_Time,Delay,D_K,Delay_cc,T_K,Z12,Primal_Residual,LocalUpdate,GlobalUpdate
1,"[[""1.727733770699704e9""], [""1.727733770699935e9""]]","[[""1.727733779535033e9""], [""1.7277337840243e9""]]","[[8.835329055786133], [13.324365139007568]]",10.0,0.2044827938079834,10.204482793807983,"[0.025, 0.01917, 0.98631, 0.9674250000000001, 0.40074, 0.159145, 0.025, 0.01917, 0.025, 0.01917, 0.9873599999999999, 0.968085, 0.32955, 0.182535, 0.025, 0.01917, 0.025, 0.01917, 0.9909250000000001, 0.9704849999999999, 0.422205, 0.10255, 0.025, 0.01917]","[[0.010000000000000002, 0.01, 0.05095000000000005, 0.06492500000000012, 0.37573999999999996, 0.064975, 0.010000000000000002, 0.01, 0.010000000000000002, 0.01, 0.05217999999999989, 0.065585, 0.30455, 0.08836499999999997, 0.010000000000000002, 0.01, 0.010000000000000002, 0.01, 0.05559500000000006, 0.06798499999999996, 0.38720499999999997, 0.0016199999999999964, 0.010000000000000002, 0.01], [0.010000000000000002, 0.01, 0.030950000000000033, 0.04492499999999999, 0.39574, 0.08497500000000001, 0.010000000000000002, 0.01, 0.010000000000000002, 0.01, 0.032179999999999986, 0.0455850000000001, 0.32455, 0.108365, 0.010000000000000002, 0.01, 0.010000000000000002, 0.01, 0.03559500000000004, 0.047985000000000055, 0.407205, 0.018380000000000007, 0.010000000000000002, 0.01]]","[[1], [1]]",1
2,"[[""1.727733784229217e9""], [""1.727733784229396e9""]]","[[""1.727733784435285e9""], [""1.727733784487459e9""]]","[[0.2060680389404297], [0.25806283950805664]]",0.25806283950805664,0.002424955368041992,0.26048779487609863,"[0.014999999999999998, 0.00917, 0.9954000000000001, 0.989525, 0.007459999999999994, 0.080765, 0.014999999999999998, 0.0, 0.014999999999999998, 0.00917, 0.99513, 0.988115, 0.006605, 0.07815999999999997, 0.014999999999999998, 0.0, 0.014999999999999998, 0.00917, 0.99488, 0.9894799999999999, 0.016229999999999967, 0.06662499999999999, 0.014999999999999998, 0.0]","[[1.734723475976807e-18, 0.0, 0.0046000000000000485, 0.0038650000000000073, 0.0024600000000000056, 0.01173500000000001, 1.734723475976807e-18, 0.00917, 1.734723475976807e-18, 0.0, 0.00486999999999993, 0.0029850000000000154, 0.0016050000000000005, 0.014339999999999964, 1.734723475976807e-18, 0.00917, 1.734723475976807e-18, 0.0, 0.006329999999999947, 0.007139999999999924, 0.0012300000000000332, 0.000795000000000004, 1.734723475976807e-18, 0.00917], [1.734723475976807e-18, 0.0, 0.0045999999999999375, 0.0038650000000000073, 0.0024599999999999943, 0.011734999999999995, 1.734723475976807e-18, 0.00917, 1.734723475976807e-18, 0.0, 0.004870000000000041, 0.0029850000000000154, 0.0016049999999999997, 0.014340000000000033, 1.734723475976807e-18, 0.00917, 1.734723475976807e-18, 0.0, 0.006329999999999947, 0.007140000000000035, 0.0012299999999999672, 0.0007949999999999902, 1.734723475976807e-18, 0.00917]]","[[2], [2]]",2
3,"[[""1.727733784490272e9""], [""1.727733784490413e9""]]","[[""1.727733784580049e9""], [""1.727733784777152e9""]]","[[0.08977699279785156], [0.2867391109466553]]",0.2867391109466553,0.002930879592895508,0.2896699905395508,"[0.015, 0.009165, 1.009685, 1.0100099999999999, -0.187905, 0.053165, 0.015, -0.009165, 0.015, 0.009165, 1.0075, 1.00565, -0.1536, 0.03912500000000001, 0.015, -0.009165, 0.015, 0.009165, 1.010765, 1.0132050000000001, -0.18503, 0.054655, 0.015, -0.0055249999999999995]","[[0.0, 4.999999999999796e-6, 0.006055000000000144, 0.013060000000000072, 0.192905, 0.039334999999999995, 0.0, 4.999999999999796e-6, 0.0, 4.999999999999796e-6, 0.0040799999999998615, 0.01144999999999996, 0.1586, 0.053375000000000006, 0.0, 4.999999999999796e-6, 0.0, 4.999999999999796e-6, 0.0071750000000001535, 0.013204999999999911, 0.20003, 0.0039049999999999987, 0.0, 0.003635], [0.0, 4.999999999999796e-6, 0.0060549999999999216, 0.01305999999999985, 0.192905, 0.039335, 0.0, 4.999999999999796e-6, 0.0, 4.999999999999796e-6, 0.0040800000000000836, 0.01144999999999996, 0.1586, 0.05337499999999999, 0.0, 4.999999999999796e-6, 0.0, 4.999999999999796e-6, 0.007174999999999931, 0.013205000000000133, 0.20002999999999999, 0.0039049999999999987, 0.0, 0.0036349999999999993]]","[[3], [3]]",3
4,"[[""1.727733784780501e9""], [""1.727733784780658e9""]]","[[""1.72773378487107e9""], [""1.727733785067128e9""]]","[[0.09056901931762695], [0.2864699363708496]]",0.2864699363708496,0.0038139820098876953,0.2902839183807373,"[0.015, 0.009165, 1.011605, 1.0132050000000001, -0.18888, 0.038759999999999996, 0.015, -0.00917, 0.015, 0.009165, 1.0084899999999999, 1.0081000000000002, -0.15587499999999999, 0.025515000000000017, 0.015, -0.00917, 0.015, 0.009165, 1.01767, 1.02011, -0.18587499999999998, 0.04864500000000001, 0.015, -0.00411]","[[0.0, 4.999999999999796e-6, 0.003214999999999968, 0.008484999999999854, 0.19388, 0.017069999999999995, 0.0, 0.0, 0.0, 4.999999999999796e-6, 0.00020000000000020002, 0.0046599999999998865, 0.160875, 0.030315000000000016, 0.0, 0.0, 0.0, 4.999999999999796e-6, 0.0034399999999998876, 0.011050000000000004, 0.200875, 0.007075000000000005, 0.0, 0.005059999999999999], [0.0, 4.999999999999796e-6, 0.00321500000000019, 0.008485000000000076, 0.19388, 0.017070000000000002, 0.0, 0.0, 0.0, 4.999999999999796e-6, 0.00019999999999997797, 0.0046600000000001085, 0.160875, 0.03031499999999998, 0.0, 0.0, 0.0, 4.999999999999796e-6, 0.0034400000000001096, 0.011050000000000004, 0.20087499999999997, 0.007074999999999991, 0.0, 0.00506]]","[[4], [4]]",4
5,"[[""1.727733785071631e9""], [""1.727733785071857e9""]]","[[""1.72773378516605e9""], [""1.727733785357174e9""]]","[[0.09441900253295898], [0.28531694412231445]]",0.28531694412231445,0.002674102783203125,0.2879910469055176,"[0.015, 0.009165, 1.0071749999999997, 1.0069299999999999, -0.09349, 0.03421, 0.015, -0.0036699999999999997, 0.015, 0.009165, 1.004725, 1.00386, -0.076155, 0.023464999999999996, 0.015, 0.0, 0.015, 0.009165, 1.012885, 1.012155, -0.08711, 0.04279499999999999, 0.015, 0.0003350000000000001]","[[0.0, 4.999999999999796e-6, 0.0007149999999997991, 0.0022100000000000453, 0.09849000000000001, 0.010629999999999997, 0.0, 0.0055, 0.0, 4.999999999999796e-6, 0.002295000000000158, 0.00048000000000003595, 0.081155, 0.014034999999999997, 0.0, 0.00917, 0.0, 4.999999999999796e-6, 0.004334999999999978, 0.00017500000000003624, 0.10210999999999999, 0.008624999999999994, 0.0, 0.004915], [0.0, 4.999999999999796e-6, 0.0007150000000002432, 0.0022099999999998232, 0.09849000000000001, 0.01063, 0.0, 0.0055, 0.0, 4.999999999999796e-6, 0.002294999999999936, 0.00048000000000003595, 0.081155, 0.014035000000000002, 0.0, 0.00917, 0.0, 4.999999999999796e-6, 0.004334999999999978, 0.0001749999999998142, 0.10211, 0.008625000000000008, 0.0, 0.004915]]","[[5], [5]]",5
6,"[[""1.7277337853604e9""], [""1.727733785360549e9""]]","[[""1.727733785666055e9""], [""1.727733785647093e9""]]","[[0.30565500259399414], [0.2865440845489502]]",0.30565500259399414,0.0028531551361083984,0.30850815773010254,"[0.015, 0.009165, 1.0026100000000002, 1.00079, 0.0014050000000000035, 0.029080000000000005, 0.015, 0.0009149999999999996, 0.015, 0.009165, 1.0025849999999998, 1.00066, 0.002704999999999999, 0.024754999999999996, 0.015, 0.004585, 0.015, 0.009165, 1.005515, 1.0019900000000002, 0.011435000000000008, 0.034115, 0.015, 0.006975]","[[0.0, 4.999999999999796e-6, 0.0043400000000002326, 0.0039300000000001, 0.0035950000000000036, 0.008420000000000004, 0.0, 0.008255, 0.0, 4.999999999999796e-6, 0.0038149999999997908, 0.0027800000000001157, 0.0022949999999999993, 0.012744999999999996, 0.0, 0.004585, 0.0, 4.999999999999796e-6, 0.008574999999999888, 0.007070000000000132, 0.0035650000000000074, 0.013385000000000001, 0.0, 0.002195], [0.0, 4.999999999999796e-6, 0.0043399999999997885, 0.003929999999999989, 0.0035949999999999966, 0.008419999999999993, 0.0, 0.008255, 0.0, 4.999999999999796e-6, 0.003815000000000124, 0.0027800000000000047, 0.002295000000000001, 0.012745000000000003, 0.0, 0.004585, 0.0, 4.999999999999796e-6, 0.008575, 0.00706999999999991, 0.003564999999999992, 0.013385000000000001, 0.0, 0.002194999999999999]]","[[6], [6]]",6
7,"[[""1.727733785669547e9""], [""1.727733785669689e9""]]","[[""1.727733785773076e9""], [""1.727733785955187e9""]]","[[0.10352897644042969], [0.28549814224243164]]",0.28549814224243164,0.002701997756958008,0.28820013999938965,"[0.015, 0.009165, 0.999625, 0.9967349999999999, 0.050324999999999995, 0.030484999999999998, 0.015, 0.00733, 0.015, 0.009165, 1.0003400000000002, 0.9974499999999998, 0.043295, 0.030579999999999996, 0.015, 0.00916, 0.015, 0.009165, 1.00021, 0.994835, 0.06172, 0.03436500000000001, 0.015, 0.00917]","[[0.0, 4.999999999999796e-6, 0.005645000000000011, 0.006304999999999894, 0.045325000000000004, 0.007014999999999997, 0.0, 0.0018399999999999996, 0.0, 4.999999999999796e-6, 0.0054600000000002424, 0.005389999999999784, 0.038294999999999996, 0.006919999999999996, 0.0, 9.999999999999593e-6, 0.0, 4.999999999999796e-6, 0.010640000000000094, 0.010975000000000068, 0.04672, 0.013135000000000008, 0.0, 0.0], [0.0, 4.999999999999796e-6, 0.005645000000000122, 0.006305000000000005, 0.045325, 0.007015, 0.0, 0.0018399999999999996, 0.0, 4.999999999999796e-6, 0.005459999999999798, 0.005390000000000117, 0.038295, 0.0069200000000000025, 0.0, 9.999999999999593e-6, 0.0, 4.999999999999796e-6, 0.010639999999999983, 0.010975000000000068, 0.04672, 0.013134999999999994, 0.0, 0.0]]","[[7], [7]]",7
8,"[[""1.727733785958761e9""], [""1.727733785958917e9""]]","[[""1.727733786045205e9""], [""1.727733786237037e9""]]","[[0.08644413948059082], [0.2781200408935547]]",0.2781200408935547,0.0026810169219970703,0.28080105781555176,"[0.015, 0.009165, 0.9980450000000001, 0.994895, 0.05184999999999999, 0.03441999999999999, 0.015, 0.00917, 0.015, 0.009165, 0.99803, 0.994695, 0.04440499999999999, 0.035885, 0.015, 0.00917, 0.015, 0.009165, 0.996315, 0.99044, 0.062855, 0.0393, 0.015, 0.00917]","[[0.0, 4.999999999999796e-6, 0.005115000000000092, 0.006044999999999967, 0.04685, 0.0030799999999999925, 0.0, 0.0, 0.0, 4.999999999999796e-6, 0.0049199999999999244, 0.005305000000000004, 0.039405, 0.0016149999999999984, 0.0, 0.0, 0.0, 4.999999999999796e-6, 0.008724999999999983, 0.009560000000000013, 0.04785500000000001, 0.008200000000000002, 0.0, 0.0], [0.0, 4.999999999999796e-6, 0.005114999999999981, 0.006044999999999967, 0.046849999999999996, 0.0030800000000000063, 0.0, 0.0, 0.0, 4.999999999999796e-6, 0.0049200000000000355, 0.005305000000000004, 0.039404999999999996, 0.0016149999999999984, 0.0, 0.0, 0.0, 4.999999999999796e-6, 0.008724999999999983, 0.009560000000000013, 0.047854999999999995, 0.008199999999999999, 0.0, 0.0]]","[[8], [8]]",8
9,"[[""1.727733786240444e9""], [""1.727733786240579e9""]]","[[""1.727733786335078e9""], [""1.727733786526078e9""]]","[[0.0946340560913086], [0.28549909591674805]]",0.28549909591674805,0.0027489662170410156,0.28824806213378906,"[0.015, 0.009165, 0.9982249999999999, 0.995395, 0.02903, 0.03767500000000001, 0.015, 0.00917, 0.015, 0.009165, 0.99656, 0.9932249999999999, 0.025185, 0.03882000000000001, 0.015, 0.00917, 0.015, 0.009165, 0.9943649999999999, 0.98878, 0.03921000000000001, 0.04498999999999999, 0.015, 0.00917]","[[0.0, 4.999999999999796e-6, 0.004004999999999925, 0.004605000000000081, 0.024030000000000003, 0.0001749999999999946, 0.0, 0.0, 0.0, 4.999999999999796e-6, 0.003449999999999953, 0.0038249999999999673, 0.020185, 0.0013199999999999948, 0.0, 0.0, 0.0, 4.999999999999796e-6, 0.005634999999999946, 0.006179999999999963, 0.024209999999999995, 0.0025099999999999914, 0.0, 0.0], [0.0, 4.999999999999796e-6, 0.004005000000000036, 0.00460499999999997, 0.02403, 0.00017500000000000848, 0.0, 0.0, 0.0, 4.999999999999796e-6, 0.003450000000000064, 0.0038250000000000783, 0.020184999999999998, 0.0013200000000000087, 0.0, 0.0, 0.0, 4.999999999999796e-6, 0.005635000000000057, 0.006179999999999963, 0.02421000000000001, 0.0025100000000000122, 0.0, 0.0]]","[[9], [9]]",9
10,"[[""1.727733786529652e9""], [""1.727733786529808e9""]]","[[""1.727733786618857e9""], [""1.727733786797245e9""]]","[[0.08920478820800781], [0.2674369812011719]]",0.2674369812011719,0.0026819705963134766,0.27011895179748535,"[0.015, 0.009165, 0.99911, 0.996805, 0.005415000000000003, 0.038794999999999996, 0.015, 0.00917, 0.015, 0.009165, 0.996915, 0.9937650000000001, 0.005344999999999999, 0.039479999999999994, 0.015, 0.00917, 0.015, 0.009165, 0.993895, 0.988765, 0.015269999999999995, 0.04866, 0.015, 0.00917]","[[0.0, 4.999999999999796e-6, 0.0028000000000000247, 0.0028850000000000264, 0.00041499999999999697, 0.0012950000000000045, 0.0, 0.0, 0.0, 4.999999999999796e-6, 0.0030850000000000044, 0.0032850000000000934, 0.0003450000000000007, 0.0019800000000000026, 0.0, 0.0, 0.0, 4.999999999999796e-6, 0.0033449999999999314, 0.003434999999999966, 0.0002700000000000046, 0.0011600000000000013, 0.0, 0.0], [0.0, 4.999999999999796e-6, 0.0028000000000000247, 0.0028849999999999154, 0.00041500000000000304, 0.0012949999999999975, 0.0, 0.0, 0.0, 4.999999999999796e-6, 0.0030850000000000044, 0.0032849999999998714, 0.00034499999999999895, 0.0019799999999999957, 0.0, 0.0, 0.0, 4.999999999999796e-6, 0.0033450000000000424, 0.003434999999999966, 0.00026999999999999594, 0.0011600000000000013, 0.0, 0.0]]","[[10], [10]]",10
11,"[[""1.72773378680078e9""], [""1.727733786800943e9""]]","[[""1.727733786894975e9""], [""1.72773378705697e9""]]","[[0.09419488906860352], [0.2560269832611084]]",0.2560269832611084,0.0030350685119628906,0.2590620517730713,"[0.015, 0.009165, 0.998955, 0.9969949999999999, -0.006624999999999999, 0.038245, 0.015, 0.00917, 0.015, 0.009165, 0.99742, 0.99452, -0.005035000000000001, 0.038325, 0.015, 0.00917, 0.015, 0.009165, 0.992635, 0.98778, 0.0030999999999999995, 0.04962, 0.015, 0.00917]","[[0.0, 4.999999999999796e-6, 0.0012650000000000716, 0.0009949999999998571, 0.011625, 0.0007449999999999957, 0.0, 0.0, 0.0, 4.999999999999796e-6, 0.0025800000000000267, 0.002529999999999921, 0.010034999999999999, 0.0008249999999999993, 0.0, 0.0, 0.0, 4.999999999999796e-6, 0.0009750000000000592, 0.0007899999999999574, 0.0119, 0.002120000000000004, 0.0, 0.0], [0.0, 4.999999999999796e-6, 0.0012650000000000716, 0.0009950000000001902, 0.011625, 0.0007450000000000026, 0.0, 0.0, 0.0, 4.999999999999796e-6, 0.0025800000000000267, 0.0025300000000000322, 0.010035000000000002, 0.0008249999999999993, 0.0, 0.0, 0.0, 4.999999999999796e-6, 0.0009749999999999481, 0.0007899999999999574, 0.0119, 0.002119999999999997, 0.0, 0.0]]","[[11], [11]]",11
12,"[[""1.727733787060931e9""], [""1.727733787061088e9""]]","[[""1.727733787154954e9""], [""1.727733787306945e9""]]","[[0.09402298927307129], [0.24585700035095215]]",0.24585700035095215,0.002725839614868164,0.2485828399658203,"[0.015, 0.009165, 0.9989399999999999, 0.9970200000000001, -0.006585000000000001, 0.037364999999999995, 0.015, 0.00917, 0.015, 0.009165, 0.997865, 0.9951850000000001, -0.00555, 0.036745, 0.015, 0.00917, 0.015, 0.009165, 0.9915700000000001, 0.9866849999999999, 0.002929999999999998, 0.049305, 0.015, 0.00917]","[[0.0, 4.999999999999796e-6, 0.0010599999999999499, 0.0007500000000001394, 0.011584999999999998, 0.00013499999999999623, 0.0, 0.0, 0.0, 4.999999999999796e-6, 0.002134999999999998, 0.0018650000000001166, 0.01055, 0.0007549999999999987, 0.0, 0.0, 0.0, 4.999999999999796e-6, 4.0000000000040004e-5, 0.00011500000000008725, 0.012069999999999999, 0.001805000000000001, 0.0, 0.0], [0.0, 4.999999999999796e-6, 0.001060000000000061, 0.0007499999999999174, 0.011585000000000002, 0.00013500000000000317, 0.0, 0.0, 0.0, 4.999999999999796e-6, 0.002134999999999998, 0.0018649999999998945, 0.01055, 0.0007549999999999987, 0.0, 0.0, 0.0, 4.999999999999796e-6, 3.999999999992898e-5, 0.00011499999999997623, 0.01207, 0.001805000000000001, 0.0, 0.0]]","[[12], [12]]",12
13,"[[""1.727733787310651e9""], [""1.727733787310804e9""]]","[[""1.727733787400036e9""], [""1.727733787556987e9""]]","[[0.0893850326538086], [0.24618315696716309]]",0.24618315696716309,0.0029070377349853516,0.24909019470214844,"[0.015, 0.009165, 0.9987550000000001, 0.996745, -0.000565, 0.036595, 0.015, 0.00917, 0.015, 0.009165, 0.997435, 0.994845, -0.000939999999999999, 0.035780000000000006, 0.015, 0.00917, 0.015, 0.009165, 0.9906699999999999, 0.985595, 0.008924999999999999, 0.048560000000000006, 0.015, 0.00917]","[[0.0, 4.999999999999796e-6, 0.0012450000000000516, 0.0010249999999999426, 0.0055650000000000005, 0.000905000000000003, 0.0, 0.0, 0.0, 4.999999999999796e-6, 0.001354999999999995, 0.0009949999999999681, 0.005940000000000001, 0.0017200000000000062, 0.0, 0.0, 0.0, 4.999999999999796e-6, 0.0001100000000000545, 7.500000000004725e-5, 0.006074999999999999, 0.0010599999999999915, 0.0, 0.0], [0.0, 4.999999999999796e-6, 0.0012449999999999406, 0.0010250000000000536, 0.0055650000000000005, 0.0009049999999999961, 0.0, 0.0, 0.0, 4.999999999999796e-6, 0.001354999999999995, 0.0009949999999999681, 0.005939999999999999, 0.0017199999999999924, 0.0, 0.0, 0.0, 4.999999999999796e-6, 0.00010999999999994348, 7.500000000004725e-5, 0.0060750000000000005, 0.0010600000000000054, 0.0, 0.0]]","[[13], [13]]",13
14,"[[""1.727733787560893e9""], [""1.727733787561053e9""]]","[[""1.727733787650027e9""], [""1.727733787807096e9""]]","[[0.08913397789001465], [0.24604296684265137]]",0.24604296684265137,0.0027709007263183594,0.24881386756896973,"[0.015, 0.009165, 0.998575, 0.996475, 0.0053100000000000005, 0.036234999999999996, 0.015, 0.00917, 0.015, 0.009165, 0.99648, 0.9938099999999999, 0.004005, 0.035914999999999996, 0.015, 0.00917, 0.015, 0.009165, 0.9899000000000001, 0.9846650000000001, 0.01508, 0.047909999999999994, 0.015, 0.00917]","[[0.0, 4.999999999999796e-6, 0.0014250000000000096, 0.0012950000000000461, 0.0003099999999999995, 0.0012649999999999953, 0.0, 0.0, 0.0, 4.999999999999796e-6, 0.0007400000000000739, 0.00045999999999990493, 0.0009949999999999998, 0.0015849999999999961, 0.0, 0.0, 0.0, 4.999999999999796e-6, 0.00023999999999990695, 4.4999999999850715e-5, 8.000000000000021e-5, 0.0004100000000000076, 0.0, 0.0], [0.0, 4.999999999999796e-6, 0.0014250000000000096, 0.0012950000000000461, 0.0003100000000000004, 0.0012650000000000022, 0.0, 0.0, 0.0, 4.999999999999796e-6, 0.0007399999999999629, 0.000460000000000127, 0.0009950000000000002, 0.001585000000000003, 0.0, 0.0, 0.0, 4.999999999999796e-6, 0.000240000000000129, 4.500000000007276e-5, 8.000000000000021e-5, 0.0004099999999999937, 0.0, 0.0]]","[[14], [14]]",14
15,"[[""1.727733787811215e9""], [""1.727733787811369e9""]]","[[""1.727733787902125e9""], [""1.727733788057259e9""]]","[[0.09090995788574219], [0.24589014053344727]]",0.24589014053344727,0.0029418468475341797,0.24883198738098145,"[0.015, 0.009165, 0.998535, 0.9964200000000001, 0.008084999999999998, 0.03622, 0.015, 0.00917, 0.015, 0.009165, 0.99535, 0.9925100000000001, 0.006699999999999999, 0.03676, 0.015, 0.00917, 0.015, 0.009165, 0.9894099999999999, 0.9841149999999999, 0.018334999999999997, 0.047670000000000004, 0.015, 0.00917]","[[0.0, 4.999999999999796e-6, 0.0014649999999999386, 0.0013500000000000734, 0.003085000000000001, 0.0012800000000000034, 0.0, 0.0, 0.0, 4.999999999999796e-6, 0.00027999999999994696, 0.0001700000000001145, 0.0017000000000000001, 0.0007399999999999976, 0.0, 0.0, 0.0, 4.999999999999796e-6, 0.000460000000000127, 0.00019500000000016726, 0.003335000000000001, 0.00016999999999999654, 0.0, 0.0], [0.0, 4.999999999999796e-6, 0.0014650000000000496, 0.0013499999999999623, 0.0030849999999999983, 0.0012799999999999964, 0.0, 0.0, 0.0, 4.999999999999796e-6, 0.000280000000000058, 0.00016999999999989246, 0.0016999999999999993, 0.0007399999999999976, 0.0, 0.0, 0.0, 4.999999999999796e-6, 0.00045999999999990493, 0.0001949999999998342, 0.0033349999999999977, 0.00017000000000000348, 0.0, 0.0]]","[[15], [15]]",15
16,"[[""1.727733788061372e9""], [""1.727733788061519e9""]]","[[""1.727733788144996e9""], [""1.727733788307275e9""]]","[[0.08362388610839844], [0.2457561492919922]]",0.2457561492919922,0.0029489994049072266,0.24870514869689941,"[0.015, 0.009165, 0.9986200000000001, 0.996545, 0.007855000000000001, 0.03637, 0.015, 0.00917, 0.015, 0.009165, 0.994305, 0.9913000000000001, 0.006964999999999999, 0.037735, 0.015, 0.00917, 0.015, 0.009165, 0.98934, 0.9840500000000001, 0.018570000000000003, 0.047779999999999996, 0.015, 0.00917]","[[0.0, 4.999999999999796e-6, 0.0013800000000000479, 0.0012250000000000316, 0.002855, 0.001129999999999999, 0.0, 0.0, 0.0, 4.999999999999796e-6, 0.00011499999999997623, 5.999999999994898e-5, 0.0019650000000000015, 0.0002349999999999991, 0.0, 0.0, 0.0, 4.999999999999796e-6, 0.0005800000000000249, 0.00032999999999994145, 0.003569999999999997, 0.00028000000000000247, 0.0, 0.0], [0.0, 4.999999999999796e-6, 0.0013799999999999368, 0.0012250000000000316, 0.0028550000000000008, 0.001129999999999999, 0.0, 0.0, 0.0, 4.999999999999796e-6, 0.00011499999999997623, 6.0000000000060005e-5, 0.001964999999999999, 0.0002349999999999991, 0.0, 0.0, 0.0, 4.999999999999796e-6, 0.0005800000000000249, 0.0003300000000000525, 0.0035700000000000037, 0.00027999999999999553, 0.0, 0.0]]","[[16], [16]]",16
17,"[[""1.727733788311609e9""], [""1.727733788311761e9""]]","[[""1.727733788402895e9""], [""1.727733788557074e9""]]","[[0.09128594398498535], [0.24531316757202148]]",0.24531316757202148,0.002962827682495117,0.2482759952545166,"[0.015, 0.009165, 0.998745, 0.9967300000000001, 0.006165, 0.03653, 0.015, 0.00917, 0.015, 0.009165, 0.9935600000000001, 0.9904449999999999, 0.005945000000000001, 0.03845, 0.015, 0.00917, 0.015, 0.009165, 0.98966, 0.9844350000000002, 0.017209999999999996, 0.04793, 0.015, 0.00917]","[[0.0, 4.999999999999796e-6, 0.0012550000000000061, 0.001040000000000152, 0.0011649999999999994, 0.0009699999999999986, 0.0, 0.0, 0.0, 4.999999999999796e-6, 0.00040999999999991044, 0.00024500000000005073, 0.0009449999999999997, 0.0009499999999999995, 0.0, 0.0, 0.0, 4.999999999999796e-6, 0.0005100000000000104, 0.0003249999999997977, 0.0022100000000000036, 0.0004299999999999998, 0.0, 0.0], [0.0, 4.999999999999796e-6, 0.0012550000000000061, 0.0010399999999999299, 0.0011650000000000002, 0.0009699999999999986, 0.0, 0.0, 0.0, 4.999999999999796e-6, 0.0004100000000001325, 0.0002449999999999397, 0.0009450000000000005, 0.0009499999999999995, 0.0, 0.0, 0.0, 4.999999999999796e-6, 0.0005100000000000104, 0.00032500000000013074, 0.0022099999999999967, 0.0004299999999999998, 0.0, 0.0]]","[[17], [17]]",17
18,"[[""1.727733788561353e9""], [""1.7277337885615e9""]]","[[""1.727733788655018e9""], [""1.727733788806914e9""]]","[[0.09366512298583984], [0.24541401863098145]]",0.24541401863098145,0.0031158924102783203,0.24852991104125977,"[0.015, 0.009165, 0.99882, 0.99684, 0.004515, 0.036645, 0.015, 0.00917, 0.015, 0.009165, 0.993215, 0.9900450000000001, 0.00487, 0.03874999999999999, 0.015, 0.00917, 0.015, 0.009165, 0.990215, 0.9850699999999999, 0.015710000000000002, 0.04789, 0.015, 0.00917]","[[0.0, 4.999999999999796e-6, 0.0011800000000000699, 0.0009299999999999864, 0.0004850000000000002, 0.0008549999999999947, 0.0, 0.0, 0.0, 4.999999999999796e-6, 0.0005350000000000632, 0.0003249999999999087, 0.0001299999999999999, 0.001250000000000008, 0.0, 0.0, 0.0, 4.999999999999796e-6, 0.0002950000000000452, 0.0001900000000001345, 0.0007099999999999988, 0.00039000000000000146, 0.0, 0.0], [0.0, 4.999999999999796e-6, 0.0011799999999999589, 0.0009300000000000974, 0.0004850000000000002, 0.0008550000000000016, 0.0, 0.0, 0.0, 4.999999999999796e-6, 0.0005349999999999522, 0.0003250000000000197, 0.0001299999999999999, 0.0012499999999999942, 0.0, 0.0, 0.0, 4.999999999999796e-6, 0.0002949999999999342, 0.00018999999999991246, 0.0007100000000000023, 0.00039000000000000146, 0.0, 0.0]]","[[18], [18]]",18
19,"[[""1.727733788811409e9""], [""1.727733788811569e9""]]","[[""1.727733788905025e9""], [""1.727733789057023e9""]]","[[0.09361600875854492], [0.2454540729522705]]",0.2454540729522705,0.0028090476989746094,0.24826312065124512,"[0.015, 0.009165, 0.998815, 0.9968349999999999, 0.0036749999999999994, 0.03671, 0.015, 0.00917, 0.015, 0.009165, 0.9932399999999999, 0.9900599999999999, 0.00434, 0.038680000000000006, 0.015, 0.00917, 0.015, 0.009165, 0.9907850000000001, 0.985725, 0.014839999999999997, 0.047635, 0.015, 0.00917]","[[0.0, 4.999999999999796e-6, 0.0011849999999999916, 0.0009349999999999081, 0.0013249999999999994, 0.000789999999999999, 0.0, 0.0, 0.0, 4.999999999999796e-6, 0.000500000000000056, 0.000280000000000058, 0.00066, 0.0011799999999999936, 0.0, 0.0, 0.0, 4.999999999999796e-6, 3.4999999999896225e-5, 1.4999999999987246e-5, 0.00015999999999999695, 0.00013500000000000317, 0.0, 0.0], [0.0, 4.999999999999796e-6, 0.0011849999999999916, 0.0009350000000001302, 0.0013250000000000007, 0.000789999999999999, 0.0, 0.0, 0.0, 4.999999999999796e-6, 0.0004999999999999449, 0.00027999999999994696, 0.00066, 0.0011800000000000074, 0.0, 0.0, 0.0, 4.999999999999796e-6, 3.500000000011827e-5, 1.4999999999987246e-5, 0.00016000000000000215, 0.00013499999999999623, 0.0, 0.0]]","[[19], [19]]",19
20,"[[""1.727733789061267e9""], [""1.72773378906142e9""]]","[[""1.727733789148003e9""], [""1.727733789296992e9""]]","[[0.08673620223999023], [0.23557209968566895]]",0.23557209968566895,0.002750873565673828,0.23832297325134277,"[0.015, 0.009165, 0.998535, 0.9965250000000001, 0.003665, 0.036754999999999996, 0.015, 0.00917, 0.015, 0.009165, 0.9935050000000001, 0.9903549999999999, 0.004365000000000001, 0.038389999999999994, 0.015, 0.00917, 0.015, 0.009165, 0.9912150000000001, 0.986205, 0.014670000000000002, 0.047305, 0.015, 0.00917]","[[0.0, 4.999999999999796e-6, 0.0010449999999999626, 0.0008350000000001412, 0.0013349999999999998, 0.0007449999999999957, 0.0, 0.0, 0.0, 4.999999999999796e-6, 0.0003549999999998832, 0.00016500000000008175, 0.000635000000000001, 0.0008900000000000088, 0.0, 0.0, 0.0, 4.999999999999796e-6, 0.00017500000000003624, 0.00014499999999995072, 0.00033000000000000217, 0.00019500000000000073, 0.0, 0.0], [0.0, 4.999999999999796e-6, 0.0010450000000000736, 0.0008349999999999191, 0.0013350000000000002, 0.0007450000000000026, 0.0, 0.0, 0.0, 4.999999999999796e-6, 0.00035500000000010523, 0.0001649999999998597, 0.0006349999999999993, 0.000889999999999995, 0.0, 0.0, 0.0, 4.999999999999796e-6, 0.00017499999999992522, 0.00014499999999995072, 0.00032999999999999696, 0.00019500000000000073, 0.0, 0.0]]","[[20], [20]]",20
21,"[[""1.727733789301354e9""], [""1.727733789301503e9""]]","[[""1.727733789394862e9""], [""1.727733789547258e9""]]","[[0.09350800514221191], [0.24575495719909668]]",0.24575495719909668,0.0028350353240966797,0.24858999252319336,"[0.015, 0.009165, 0.997795, 0.9957149999999999, 0.00413, 0.036875000000000005, 0.015, 0.00917, 0.015, 0.009165, 0.9938849999999999, 0.9907900000000001, 0.004674999999999999, 0.03801500000000001, 0.015, 0.00917, 0.015, 0.009165, 0.9914149999999999, 0.986435, 0.014855, 0.04707000000000001, 0.015, 0.00917]","[[0.0, 4.999999999999796e-6, 0.0005549999999999722, 0.0004049999999998777, 0.0008700000000000001, 0.0006250000000000075, 0.0, 0.0, 0.0, 4.999999999999796e-6, 0.00019500000000005624, 5.999999999994898e-5, 0.0003249999999999989, 0.0005149999999999946, 0.0, 0.0, 0.0, 4.999999999999796e-6, 0.0002749999999999142, 0.00021499999999996522, 0.0001449999999999993, 0.00043000000000000677, 0.0, 0.0], [0.0, 4.999999999999796e-6, 0.0005549999999999722, 0.0004050000000000997, 0.0008700000000000001, 0.0006249999999999936, 0.0, 0.0, 0.0, 4.999999999999796e-6, 0.00019499999999994522, 6.0000000000060005e-5, 0.0003250000000000015, 0.0005150000000000085, 0.0, 0.0, 0.0, 4.999999999999796e-6, 0.0002750000000000252, 0.00021500000000007624, 0.0001449999999999993, 0.0004299999999999929, 0.0, 0.0]]","[[21], [21]]",21
22,"[[""1.727733789551676e9""], [""1.727733789551817e9""]]","[[""1.727733789674977e9""], [""1.727733789787166e9""]]","[[0.12330102920532227], [0.23534917831420898]]",0.23534917831420898,0.0028238296508789062,0.2381730079650879,"[0.015, 0.009165, 0.99696, 0.994785, 0.004725000000000001, 0.03723, 0.015, 0.00917, 0.015, 0.009165, 0.9943, 0.991285, 0.00503, 0.037634999999999995, 0.015, 0.00917, 0.015, 0.009165, 0.9914149999999999, 0.98644, 0.015014999999999997, 0.047029999999999995, 0.015, 0.00917]","[[0.0, 4.999999999999796e-6, 0.00012999999999996348, 7.500000000004725e-5, 0.00027500000000000094, 0.0002699999999999994, 0.0, 0.0, 0.0, 4.999999999999796e-6, 8.000000000008001e-5, 1.4999999999987246e-5, 3.0000000000000512e-5, 0.00013500000000000317, 0.0, 0.0, 0.0, 4.999999999999796e-6, 0.00023499999999998522, 0.00017000000000000348, 1.5000000000002858e-5, 0.0004699999999999982, 0.0, 0.0], [0.0, 4.999999999999796e-6, 0.0001300000000000745, 7.499999999993623e-5, 0.0002749999999999992, 0.0002699999999999994, 0.0, 0.0, 0.0, 4.999999999999796e-6, 7.999999999996898e-5, 1.4999999999987246e-5, 2.9999999999999645e-5, 0.00013499999999999623, 0.0, 0.0, 0.0, 4.999999999999796e-6, 0.00023500000000009624, 0.00017000000000000348, 1.4999999999997654e-5, 0.00047000000000000514, 0.0, 0.0]]","[[22], [22]]",22
23,"[[""1.727733789791659e9""], [""1.727733789791841e9""]]","[[""1.727733789885278e9""], [""1.727733790037157e9""]]","[[0.09361886978149414], [0.2453160285949707]]",0.2453160285949707,0.0027320384979248047,0.2480480670928955,"[0.015, 0.009165, 0.9962700000000001, 0.9939899999999999, 0.005175, 0.037654999999999994, 0.015, 0.00917, 0.015, 0.009165, 0.9946950000000001, 0.99176, 0.005255000000000001, 0.037335, 0.015, 0.00917, 0.015, 0.009165, 0.9913000000000001, 0.9863250000000001, 0.015015000000000002, 0.04716, 0.015, 0.00917]","[[0.0, 4.999999999999796e-6, 0.00015999999999993797, 0.0001100000000000545, 0.0001749999999999998, 0.0001550000000000093, 0.0, 0.0, 0.0, 4.999999999999796e-6, 2.5000000000052758e-5, 9.99999999995449e-6, 0.00025499999999999915, 0.00016499999999999848, 0.0, 0.0, 0.0, 4.999999999999796e-6, 0.0001500000000000945, 9.500000000006725e-5, 1.4999999999997654e-5, 0.00034, 0.0, 0.0], [0.0, 4.999999999999796e-6, 0.000160000000000049, 0.00010999999999994348, 0.0001749999999999998, 0.00015499999999999542, 0.0, 0.0, 0.0, 4.999999999999796e-6, 2.4999999999941735e-5, 1.0000000000065512e-5, 0.0002550000000000009, 0.00016499999999999848, 0.0, 0.0, 0.0, 4.999999999999796e-6, 0.00014999999999998348, 9.499999999984521e-5, 1.5000000000002858e-5, 0.00034, 0.0, 0.0]]","[[23], [23]]",23
24,"[[""1.727733790041784e9""], [""1.727733790041941e9""]]","[[""1.727733790145269e9""], [""1.72773379027715e9""]]","[[0.1034848690032959], [0.23520898818969727]]",0.23520898818969727,0.002746105194091797,0.23795509338378906,"[0.015, 0.009165, 0.995825, 0.993475, 0.005390000000000001, 0.03798000000000001, 0.015, 0.00917, 0.015, 0.009165, 0.99502, 0.992135, 0.005295, 0.037145000000000004, 0.015, 0.00917, 0.015, 0.009165, 0.9911549999999999, 0.9861549999999999, 0.014909999999999996, 0.047369999999999995, 0.015, 0.00917]","[[0.0, 4.999999999999796e-6, 0.0003250000000000197, 0.00020500000000001073, 0.0003899999999999997, 0.0004799999999999943, 0.0, 0.0, 0.0, 4.999999999999796e-6, 0.00012000000000000899, 5.500000000002725e-5, 0.0002950000000000001, 0.00035500000000000115, 0.0, 0.0, 0.0, 4.999999999999796e-6, 6.499999999987072e-5, 2.4999999999941735e-5, 8.999999999999633e-5, 0.00012999999999999817, 0.0, 0.0], [0.0, 4.999999999999796e-6, 0.0003249999999999087, 0.00020500000000001073, 0.0003900000000000006, 0.0004800000000000082, 0.0, 0.0, 0.0, 4.999999999999796e-6, 0.00012000000000000899, 5.500000000002725e-5, 0.0002950000000000001, 0.0003549999999999942, 0.0, 0.0, 0.0, 4.999999999999796e-6, 6.500000000009276e-5, 2.5000000000052758e-5, 9.000000000000327e-5, 0.0001300000000000051, 0.0, 0.0]]","[[24], [24]]",24
25,"[[""1.727733790281875e9""], [""1.727733790282031e9""]]","[[""1.727733790371996e9""], [""1.727733790517086e9""]]","[[0.09012103080749512], [0.23505496978759766]]",0.23505496978759766,0.0030069351196289062,0.23806190490722656,"[0.015, 0.009165, 0.995665, 0.99329, 0.0054199999999999995, 0.038114999999999996, 0.015, 0.00917, 0.015, 0.009165, 0.9952149999999998, 0.9923600000000001, 0.00521, 0.037059999999999996, 0.015, 0.00917, 0.015, 0.009165, 0.9910050000000001, 0.9859900000000001, 0.014790000000000001, 0.047560000000000005, 0.015, 0.00917]","[[0.0, 4.999999999999796e-6, 0.0003849999999999687, 0.00024000000000001798, 0.00042000000000000023, 0.0006150000000000044, 0.0, 0.0, 0.0, 4.999999999999796e-6, 0.0001849999999998797, 9.000000000014552e-5, 0.00021000000000000012, 0.00043999999999999595, 0.0, 0.0, 0.0, 4.999999999999796e-6, 5.000000000143778e-6, 1.999999999990898e-5, 0.00021000000000000185, 5.9999999999997555e-5, 0.0, 0.0], [0.0, 4.999999999999796e-6, 0.0003849999999999687, 0.00024000000000001798, 0.00041999999999999937, 0.0006149999999999975, 0.0, 0.0, 0.0, 4.999999999999796e-6, 0.00018500000000010175, 8.999999999992347e-5, 0.00021000000000000012, 0.0004400000000000029, 0.0, 0.0, 0.0, 4.999999999999796e-6, 4.999999999810711e-6, 2.0000000000131024e-5, 0.00020999999999999838, 6.0000000000004494e-5, 0.0, 0.0]]","[[25], [25]]",25
26,"[[""1.72773379052196e9""], [""1.727733790522151e9""]]","[[""1.727733790614966e9""], [""1.727733790767173e9""]]","[[0.09300589561462402], [0.24502205848693848]]",0.24502205848693848,0.002732992172241211,0.2477550506591797,"[0.015, 0.009165, 0.99577, 0.99341, 0.005345, 0.038060000000000004, 0.015, 0.00917, 0.015, 0.009165, 0.99526, 0.9924149999999998, 0.0050799999999999994, 0.03706, 0.015, 0.00917, 0.015, 0.009165, 0.9909, 0.985865, 0.014734999999999998, 0.047665, 0.015, 0.00917]","[[0.0, 4.999999999999796e-6, 0.00034000000000000696, 0.00020999999999993246, 0.0003449999999999998, 0.000559999999999998, 0.0, 0.0, 0.0, 4.999999999999796e-6, 0.00021000000000004349, 0.0001049999999997997, 8.000000000000021e-5, 0.0004400000000000029, 0.0, 0.0, 0.0, 4.999999999999796e-6, 2.999999999997449e-5, 3.500000000000725e-5, 0.0002649999999999979, 0.00016499999999999848, 0.0, 0.0], [0.0, 4.999999999999796e-6, 0.00034000000000000696, 0.00021000000000004349, 0.0003449999999999998, 0.0005600000000000049, 0.0, 0.0, 0.0, 4.999999999999796e-6, 0.00020999999999993246, 0.00010500000000013276, 7.999999999999934e-5, 0.00043999999999999595, 0.0, 0.0, 0.0, 4.999999999999796e-6, 2.999999999997449e-5, 3.500000000000725e-5, 0.00026500000000000135, 0.00016499999999999848, 0.0, 0.0]]","[[26], [26]]",26
27,"[[""1.727733790771925e9""], [""1.727733790772158e9""]]","[[""1.727733790864868e9""], [""1.727733791007207e9""]]","[[0.09294295310974121], [0.23504900932312012]]",0.23504900932312012,0.0028820037841796875,0.2379310131072998,"[0.015, 0.009165, 0.99604, 0.99373, 0.00523, 0.03788, 0.015, 0.00917, 0.015, 0.009165, 0.9951800000000001, 0.9923100000000001, 0.004975, 0.037134999999999994, 0.015, 0.00917, 0.015, 0.009165, 0.99083, 0.9857799999999999, 0.014770000000000002, 0.047685000000000005, 0.015, 0.00917]","[[0.0, 4.999999999999796e-6, 0.00022999999999995246, 0.000140000000000029, 0.0002299999999999993, 0.00038000000000000533, 0.0, 0.0, 0.0, 4.999999999999796e-6, 0.00019000000000002348, 0.00010000000000010001, 2.499999999999985e-5, 0.00036499999999999727, 0.0, 0.0, 0.0, 4.999999999999796e-6, 4.999999999999449e-5, 4.0000000000151026e-5, 0.00023000000000000104, 0.00018499999999999767, 0.0, 0.0], [0.0, 4.999999999999796e-6, 0.0002300000000000635, 0.000140000000000029, 0.00023000000000000017, 0.0003799999999999984, 0.0, 0.0, 0.0, 4.999999999999796e-6, 0.00018999999999991246, 9.999999999987796e-5, 2.499999999999985e-5, 0.0003650000000000042, 0.0, 0.0, 0.0, 4.999999999999796e-6, 4.999999999999449e-5, 3.999999999992898e-5, 0.00022999999999999757, 0.0001850000000000046, 0.0, 0.0]]","[[27], [27]]",27
28,"[[""1.727733791012253e9""], [""1.727733791012388e9""]]","[[""1.727733791104953e9""], [""1.727733791247497e9""]]","[[0.09270000457763672], [0.2351090908050537]]",0.2351090908050537,0.0027618408203125,0.2378709316253662,"[0.015, 0.009165, 0.996385, 0.99412, 0.005115, 0.037645, 0.015, 0.00917, 0.015, 0.009165, 0.994995, 0.9921, 0.00492, 0.03726, 0.015, 0.00917, 0.015, 0.009165, 0.990795, 0.98574, 0.014875, 0.04765, 0.015, 0.00917]","[[0.0, 4.999999999999796e-6, 9.500000000006725e-5, 4.999999999999449e-5, 0.00011500000000000052, 0.0001449999999999993, 0.0, 0.0, 0.0, 4.999999999999796e-6, 0.00013499999999999623, 7.999999999996898e-5, 8.000000000000021e-5, 0.0002400000000000041, 0.0, 0.0, 0.0, 4.999999999999796e-6, 4.500000000007276e-5, 3.0000000000085514e-5, 0.0001250000000000001, 0.0001500000000000043, 0.0, 0.0], [0.0, 4.999999999999796e-6, 9.499999999995623e-5, 4.999999999999449e-5, 0.00011499999999999965, 0.0001449999999999993, 0.0, 0.0, 0.0, 4.999999999999796e-6, 0.00013499999999999623, 7.999999999996898e-5, 8.000000000000021e-5, 0.00023999999999999716, 0.0, 0.0, 0.0, 4.999999999999796e-6, 4.499999999996174e-5, 2.999999999997449e-5, 0.0001250000000000001, 0.00014999999999999736, 0.0, 0.0]]","[[28], [28]]",28
29,"[[""1.727733791252207e9""], [""1.727733791252364e9""]]","[[""1.727733791325081e9""], [""1.727733791487148e9""]]","[[0.07287406921386719], [0.23478412628173828]]",0.23478412628173828,0.0029828548431396484,0.23776698112487793,"[0.015, 0.009165, 0.9966999999999999, 0.99448, 0.005015, 0.03743, 0.015, 0.00917, 0.015, 0.009165, 0.994765, 0.991835, 0.004905, 0.037419999999999995, 0.015, 0.00917, 0.015, 0.009165, 0.9907900000000001, 0.98573, 0.014995, 0.04759, 0.015, 0.00917]","[[0.0, 4.999999999999796e-6, 2.999999999997449e-5, 2.0000000000020002e-5, 1.4999999999999389e-5, 7.000000000000062e-5, 0.0, 0.0, 0.0, 4.999999999999796e-6, 5.500000000002725e-5, 3.500000000000725e-5, 9.49999999999996e-5, 7.999999999999674e-5, 0.0, 0.0, 0.0, 4.999999999999796e-6, 3.999999999992898e-5, 2.0000000000020002e-5, 4.999999999999796e-6, 8.99999999999998e-5, 0.0, 0.0], [0.0, 4.999999999999796e-6, 3.0000000000085514e-5, 2.0000000000020002e-5, 1.5000000000000256e-5, 7.000000000000062e-5, 0.0, 0.0, 0.0, 4.999999999999796e-6, 5.500000000002725e-5, 3.500000000000725e-5, 9.500000000000047e-5, 8.000000000000368e-5, 0.0, 0.0, 0.0, 4.999999999999796e-6, 4.0000000000040004e-5, 2.0000000000020002e-5, 4.999999999999796e-6, 8.99999999999998e-5, 0.0, 0.0]]","[[29], [29]]",29
30,"[[""1.727733791492148e9""], [""1.727733791492297e9""]]","[[""1.72773379156994e9""], [""1.72773379173695e9""]]","[[0.07779216766357422], [0.24465298652648926]]",0.24465298652648926,0.0027489662170410156,0.24740195274353027,"[0.015, 0.009165, 0.9969300000000001, 0.994745, 0.00494, 0.037290000000000004, 0.015, 0.00917, 0.015, 0.009165, 0.994555, 0.99159, 0.004915, 0.03757, 0.015, 0.00917, 0.015, 0.009165, 0.990805, 0.98575, 0.015095, 0.04753, 0.015, 0.00917]","[[0.0, 4.999999999999796e-6, 0.00012000000000012001, 7.499999999993623e-5, 6.000000000000016e-5, 0.00021000000000000185, 0.0, 0.0, 0.0, 4.999999999999796e-6, 1.4999999999987246e-5, 0.0, 8.5e-5, 7.000000000000062e-5, 0.0, 0.0, 0.0, 4.999999999999796e-6, 3.500000000000725e-5, 9.99999999995449e-6, 9.49999999999996e-5, 2.9999999999995308e-5, 0.0, 0.0], [0.0, 4.999999999999796e-6, 0.00011999999999989797, 7.500000000004725e-5, 6.000000000000016e-5, 0.0002099999999999949, 0.0, 0.0, 0.0, 4.999999999999796e-6, 1.4999999999987246e-5, 0.0, 8.5e-5, 7.000000000000062e-5, 0.0, 0.0, 0.0, 4.999999999999796e-6, 3.500000000000725e-5, 1.0000000000065512e-5, 9.500000000000133e-5, 3.0000000000002247e-5, 0.0, 0.0]]","[[30], [30]]",30
31,"[[""1.727733791741915e9""], [""1.727733791742071e9""]]","[[""1.727733791834898e9""], [""1.727733791976967e9""]]","[[0.09298300743103027], [0.23489618301391602]]",0.23489618301391602,0.002839803695678711,0.23773598670959473,"[0.015, 0.009165, 0.997035, 0.99487, 0.004884999999999999, 0.037235, 0.015, 0.00917, 0.015, 0.009165, 0.99439, 0.9914, 0.0049499999999999995, 0.03768, 0.015, 0.00917, 0.015, 0.009165, 0.9908399999999999, 0.985785, 0.01515, 0.04749, 0.015, 0.00917]","[[0.0, 4.999999999999796e-6, 0.00015500000000001624, 9.999999999998899e-5, 0.00011499999999999878, 0.0002649999999999944, 0.0, 0.0, 0.0, 4.999999999999796e-6, 7.999999999996898e-5, 4.0000000000040004e-5, 4.99999999999997e-5, 0.0001799999999999996, 0.0, 0.0, 0.0, 4.999999999999796e-6, 2.0000000000020002e-5, 5.000000000032756e-6, 0.0001499999999999991, 9.999999999996123e-6, 0.0, 0.0], [0.0, 4.999999999999796e-6, 0.00015500000000001624, 9.999999999998899e-5, 0.00011500000000000139, 0.00026500000000000135, 0.0, 0.0, 0.0, 4.999999999999796e-6, 7.999999999996898e-5, 3.999999999992898e-5, 5.0000000000000565e-5, 0.0001799999999999996, 0.0, 0.0, 0.0, 4.999999999999796e-6, 1.999999999990898e-5, 5.000000000032756e-6, 0.00015000000000000083, 1.0000000000003062e-5, 0.0, 0.0]]","[[31], [31]]",31
32,"[[""1.727733791982152e9""], [""1.727733791982304e9""]]","[[""1.727733792055401e9""], [""1.727733792426969e9""]]","[[0.07324910163879395], [0.44466495513916016]]",0.44466495513916016,0.0027358531951904297,0.4474008083343506,"[0.015, 0.009165, 0.9970349999999999, 0.9948650000000001, 0.0048600000000000015, 0.03725, 0.015, 0.00917, 0.015, 0.009165, 0.994315, 0.9913050000000001, 0.004975000000000002, 0.037735, 0.015, 0.00917, 0.015, 0.009165, 0.990875, 0.985835, 0.01515, 0.047465, 0.015, 0.00917]","[[0.0, 4.999999999999796e-6, 0.00015499999999990521, 9.500000000006725e-5, 0.00014000000000000123, 0.0002500000000000002, 0.0, 0.0, 0.0, 4.999999999999796e-6, 0.00011500000000008725, 6.499999999987072e-5, 2.5000000000001583e-5, 0.0002349999999999991, 0.0, 0.0, 0.0, 4.999999999999796e-6, 1.5000000000098268e-5, 5.000000000032756e-6, 0.0001499999999999991, 3.500000000000031e-5, 0.0, 0.0], [0.0, 4.999999999999796e-6, 0.00015500000000012726, 9.499999999984521e-5, 0.00013999999999999863, 0.0002500000000000002, 0.0, 0.0, 0.0, 4.999999999999796e-6, 0.00011499999999997623, 6.500000000009276e-5, 2.4999999999998114e-5, 0.0002349999999999991, 0.0, 0.0, 0.0, 4.999999999999796e-6, 1.4999999999987246e-5, 5.000000000032756e-6, 0.00015000000000000083, 3.500000000000031e-5, 0.0, 0.0]]","[[32], [32]]",32
33,"[[""1.727733792431946e9""], [""1.727733792432095e9""]]","[[""1.727733792715068e9""], [""1.727733792666843e9""]]","[[0.28312206268310547], [0.23474788665771484]]",0.28312206268310547,0.002279996871948242,0.2854020595550537,"[0.015, 0.009165, 0.9969450000000001, 0.9947649999999999, 0.00487, 0.037315, 0.015, 0.00917, 0.015, 0.009165, 0.9943200000000001, 0.9913199999999999, 0.005004999999999999, 0.03773, 0.015, 0.00917, 0.015, 0.009165, 0.99091, 0.9858750000000001, 0.015119999999999998, 0.04746, 0.015, 0.00917]","[[0.0, 4.999999999999796e-6, 0.00011500000000008725, 6.499999999987072e-5, 0.0001299999999999999, 0.00018499999999999767, 0.0, 0.0, 0.0, 4.999999999999796e-6, 0.00011999999999989797, 7.000000000012552e-5, 5.000000000000664e-6, 0.00023000000000000104, 0.0, 0.0, 0.0, 4.999999999999796e-6, 0.0, 5.000000000032756e-6, 0.00012000000000000205, 4.000000000000531e-5, 0.0, 0.0], [0.0, 4.999999999999796e-6, 0.00011499999999986521, 6.500000000009276e-5, 0.0001299999999999999, 0.00018499999999999767, 0.0, 0.0, 0.0, 4.999999999999796e-6, 0.00012000000000012001, 6.999999999990347e-5, 4.999999999998929e-6, 0.00023000000000000104, 0.0, 0.0, 0.0, 4.999999999999796e-6, 0.0, 4.999999999921734e-6, 0.00011999999999999858, 3.999999999999837e-5, 0.0, 0.0]]","[[33], [33]]",33
34,"[[""1.72773379271983e9""], [""1.727733792719987e9""]]","[[""1.727733792799933e9""], [""1.727733792957292e9""]]","[[0.08010292053222656], [0.2373051643371582]]",0.2373051643371582,0.0027458667755126953,0.2400510311126709,"[0.015, 0.009169999999999998, 0.9968049999999999, 0.9946050000000001, 0.0049, 0.03741, 0.015, 0.00917, 0.015, 0.009169999999999998, 0.994395, 0.9914050000000001, 0.00502, 0.037675, 0.015, 0.00917, 0.015, 0.009169999999999998, 0.9909450000000001, 0.98591, 0.015064999999999999, 0.047455, 0.015, 0.00917]","[[0.0, 1.734723475976807e-18, 6.499999999998174e-5, 3.500000000011827e-5, 0.00010000000000000026, 8.99999999999998e-5, 0.0, 0.0, 0.0, 1.734723475976807e-18, 8.500000000000174e-5, 5.499999999991623e-5, 2.0000000000000052e-5, 0.00017500000000000154, 0.0, 0.0, 0.0, 1.734723475976807e-18, 5.000000000032756e-6, 0.0, 6.500000000000082e-5, 4.499999999999643e-5, 0.0, 0.0], [0.0, 1.734723475976807e-18, 6.500000000009276e-5, 3.4999999999896225e-5, 0.00010000000000000026, 8.99999999999998e-5, 0.0, 0.0, 0.0, 1.734723475976807e-18, 8.500000000000174e-5, 5.500000000013827e-5, 2.0000000000000052e-5, 0.00017500000000000154, 0.0, 0.0, 0.0, 1.734723475976807e-18, 4.999999999921734e-6, 0.0, 6.499999999999909e-5, 4.500000000000337e-5, 0.0, 0.0]]","[[34], [34]]",34
35,"[[""1.727733792962474e9""], [""1.727733792962672e9""]]","[[""1.727733793040281e9""], [""1.727733793207006e9""]]","[[0.07780694961547852], [0.24433398246765137]]",0.24433398246765137,0.003284931182861328,0.2476189136505127,"[0.015, 0.009170000000000001, 0.996665, 0.99444, 0.0049499999999999995, 0.037495, 0.015, 0.00917, 0.015, 0.009170000000000001, 0.9945099999999999, 0.9915399999999999, 0.005025, 0.03759, 0.015, 0.00917, 0.015, 0.009170000000000001, 0.9909650000000001, 0.9859399999999999, 0.015009999999999999, 0.04746, 0.015, 0.00917]","[[0.0, 1.734723475976807e-18, 5.000000000032756e-6, 0.0, 4.99999999999997e-5, 4.9999999999980616e-6, 0.0, 0.0, 0.0, 1.734723475976807e-18, 5.0000000000105516e-5, 3.0000000000085514e-5, 2.499999999999985e-5, 8.99999999999998e-5, 0.0, 0.0, 0.0, 1.734723475976807e-18, 1.5000000000098268e-5, 9.99999999995449e-6, 1.0000000000001327e-5, 4.000000000000531e-5, 0.0, 0.0], [0.0, 1.734723475976807e-18, 4.999999999921734e-6, 0.0, 5.0000000000000565e-5, 4.9999999999980616e-6, 0.0, 0.0, 0.0, 1.734723475976807e-18, 4.999999999988347e-5, 2.999999999986347e-5, 2.499999999999985e-5, 8.99999999999998e-5, 0.0, 0.0, 0.0, 1.734723475976807e-18, 1.4999999999876223e-5, 1.0000000000065512e-5, 9.999999999999593e-6, 3.999999999999837e-5, 0.0, 0.0]]","[[35], [35]]",35
36,"[[""1.727733793213018e9""], [""1.727733793213208e9""]]","[[""1.727733793294899e9""], [""1.72773379345725e9""]]","[[0.08188104629516602], [0.24404215812683105]]",0.24404215812683105,0.0027408599853515625,0.24678301811218262,"[0.015, 0.009169999999999998, 0.9965499999999999, 0.99431, 0.005, 0.037565, 0.015, 0.00917, 0.015, 0.009169999999999998, 0.994625, 0.9916750000000001, 0.005025, 0.0375, 0.015, 0.00917, 0.015, 0.009169999999999998, 0.99098, 0.98595, 0.01497, 0.04747, 0.015, 0.00917]","[[0.0, 1.734723475976807e-18, 3.0000000000085514e-5, 2.0000000000020002e-5, 0.0, 6.499999999999562e-5, 0.0, 0.0, 0.0, 1.734723475976807e-18, 5.000000000032756e-6, 4.999999999921734e-6, 2.499999999999985e-5, 0.0, 0.0, 0.0, 0.0, 1.734723475976807e-18, 2.0000000000020002e-5, 9.99999999995449e-6, 3.0000000000000512e-5, 2.9999999999995308e-5, 0.0, 0.0], [0.0, 1.734723475976807e-18, 2.999999999997449e-5, 2.0000000000020002e-5, 0.0, 6.500000000000256e-5, 0.0, 0.0, 0.0, 1.734723475976807e-18, 5.000000000032756e-6, 5.000000000032756e-6, 2.499999999999985e-5, 0.0, 0.0, 0.0, 0.0, 1.734723475976807e-18, 2.0000000000020002e-5, 9.99999999995449e-6, 2.9999999999998778e-5, 3.0000000000002247e-5, 0.0, 0.0]]","[[36], [36]]",36
37,"[[""1.727733793462495e9""], [""1.727733793462648e9""]]","[[""1.727733793545483e9""], [""1.727733793707211e9""]]","[[0.08298802375793457], [0.24456310272216797]]",0.24456310272216797,0.0028390884399414062,0.24740219116210938,"[0.015, 0.009170000000000001, 0.9964799999999999, 0.994225, 0.00504, 0.037599999999999995, 0.015, 0.00917, 0.015, 0.009170000000000001, 0.9947199999999999, 0.991785, 0.005025, 0.037425, 0.015, 0.00917, 0.015, 0.009170000000000001, 0.9909699999999999, 0.98594, 0.014945000000000002, 0.047485, 0.015, 0.00917]","[[0.0, 1.734723475976807e-18, 6.0000000000060005e-5, 3.500000000000725e-5, 4.0000000000000105e-5, 0.00010000000000000286, 0.0, 0.0, 0.0, 1.734723475976807e-18, 2.999999999997449e-5, 1.4999999999987246e-5, 2.499999999999985e-5, 7.499999999999868e-5, 0.0, 0.0, 0.0, 1.734723475976807e-18, 1.999999999990898e-5, 1.0000000000065512e-5, 5.500000000000123e-5, 1.5000000000001124e-5, 0.0, 0.0], [0.0, 1.734723475976807e-18, 5.999999999994898e-5, 3.500000000000725e-5, 4.0000000000000105e-5, 9.999999999999593e-5, 0.0, 0.0, 0.0, 1.734723475976807e-18, 3.0000000000085514e-5, 1.4999999999987246e-5, 2.499999999999985e-5, 7.499999999999868e-5, 0.0, 0.0, 0.0, 1.734723475976807e-18, 2.0000000000131024e-5, 9.99999999995449e-6, 5.499999999999776e-5, 1.5000000000001124e-5, 0.0, 0.0]]","[[37], [37]]",37
38,"[[""1.72773379371264e9""], [""1.727733793712814e9""]]","[[""1.727733793789824e9""], [""1.727733793947123e9""]]","[[0.07718396186828613], [0.23430895805358887]]",0.23430895805358887,0.0027048587799072266,0.2370138168334961,"[0.015, 0.009169999999999998, 0.996455, 0.9942, 0.005065, 0.037605, 0.015, 0.00917, 0.015, 0.009169999999999998, 0.9947750000000001, 0.99185, 0.005015, 0.037385, 0.015, 0.00917, 0.015, 0.009169999999999998, 0.9909549999999999, 0.9859199999999999, 0.014939999999999998, 0.047494999999999996, 0.015, 0.00917]","[[0.0, 1.734723475976807e-18, 6.499999999998174e-5, 4.0000000000040004e-5, 6.499999999999995e-5, 0.00010500000000000093, 0.0, 0.0, 0.0, 1.734723475976807e-18, 5.500000000002725e-5, 2.999999999997449e-5, 1.4999999999999389e-5, 0.00011500000000000399, 0.0, 0.0, 0.0, 1.734723475976807e-18, 1.4999999999876223e-5, 9.99999999995449e-6, 5.9999999999997555e-5, 4.9999999999980616e-6, 0.0, 0.0], [0.0, 1.734723475976807e-18, 6.499999999998174e-5, 3.999999999992898e-5, 6.499999999999995e-5, 0.00010500000000000093, 0.0, 0.0, 0.0, 1.734723475976807e-18, 5.499999999991623e-5, 2.999999999997449e-5, 1.5000000000000256e-5, 0.00011499999999999705, 0.0, 0.0, 0.0, 1.734723475976807e-18, 1.5000000000098268e-5, 1.0000000000065512e-5, 6.0000000000001025e-5, 5.0000000000050004e-6, 0.0, 0.0]]","[[38], [38]]",38
39,"[[""1.727733793952578e9""], [""1.72773379395274e9""]]","[[""1.727733794025196e9""], [""1.727733794187064e9""]]","[[0.07261800765991211], [0.23432397842407227]]",0.23432397842407227,0.0029571056365966797,0.23728108406066895,"[0.015, 0.009170000000000001, 0.9964700000000001, 0.99422, 0.005075, 0.03759, 0.015, 0.00917, 0.015, 0.009170000000000001, 0.9947900000000001, 0.991865, 0.005009999999999999, 0.03738, 0.015, 0.00917, 0.015, 0.009170000000000001, 0.9909300000000001, 0.9859, 0.01494, 0.04751000000000001, 0.015, 0.00917]","[[0.0, 1.734723475976807e-18, 5.999999999994898e-5, 2.999999999997449e-5, 7.500000000000041e-5, 8.99999999999998e-5, 0.0, 0.0, 0.0, 1.734723475976807e-18, 6.0000000000060005e-5, 3.500000000000725e-5, 1.0000000000001327e-5, 0.00011999999999999511, 0.0, 0.0, 0.0, 1.734723475976807e-18, 1.1102230246251565e-16, 0.0, 5.999999999999929e-5, 9.999999999989184e-6, 0.0, 0.0], [0.0, 1.734723475976807e-18, 6.0000000000060005e-5, 2.999999999997449e-5, 7.499999999999955e-5, 8.99999999999998e-5, 0.0, 0.0, 0.0, 1.734723475976807e-18, 5.999999999994898e-5, 3.500000000000725e-5, 9.999999999998725e-6, 0.00012000000000000205, 0.0, 0.0, 0.0, 1.734723475976807e-18, 1.1102230246251565e-16, 0.0, 5.999999999999929e-5, 1.0000000000010001e-5, 0.0, 0.0]]","[[39], [39]]",39
40,"[[""1.727733794192786e9""], [""1.727733794192972e9""]]","[[""1.72773379427517e9""], [""1.727733794426891e9""]]","[[0.08238410949707031], [0.2339191436767578]]",0.2339191436767578,0.0027170181274414062,0.23663616180419922,"[0.015, 0.009169999999999998, 0.9965200000000001, 0.994275, 0.0050550000000000005, 0.037559999999999996, 0.015, 0.00917, 0.015, 0.009169999999999998, 0.99476, 0.99183, 0.005, 0.037405, 0.015, 0.00917, 0.015, 0.009169999999999998, 0.99091, 0.9858750000000001, 0.014955, 0.04751999999999999, 0.015, 0.00917]","[[0.0, 1.734723475976807e-18, 3.999999999992898e-5, 2.4999999999941735e-5, 5.4999999999999494e-5, 6.0000000000004494e-5, 0.0, 0.0, 0.0, 1.734723475976807e-18, 4.999999999999449e-5, 2.999999999997449e-5, 0.0, 9.499999999999786e-5, 0.0, 0.0, 0.0, 1.734723475976807e-18, 0.0, 5.000000000032756e-6, 4.49999999999999e-5, 2.0000000000006124e-5, 0.0, 0.0], [0.0, 1.734723475976807e-18, 4.0000000000040004e-5, 2.5000000000052758e-5, 5.500000000000036e-5, 5.9999999999997555e-5, 0.0, 0.0, 0.0, 1.734723475976807e-18, 4.999999999999449e-5, 2.999999999997449e-5, 0.0, 9.499999999999786e-5, 0.0, 0.0, 0.0, 1.734723475976807e-18, 0.0, 4.999999999921734e-6, 4.49999999999999e-5, 1.9999999999992246e-5, 0.0, 0.0]]","[[40], [40]]",40
